{"cameraMode":{"drawMode":0,"name":"Shaded","section":"Shading Mode"},"sceneLighting":false,"audioPlay":false,"sceneViewState":{"showFog":true,"showMaterialUpdate":false,"showSkybox":true,"showFlares":true,"showImageEffects":true,"showParticleSystems":true},"in2DMode":false,"pivot":{"x":543.4384155273438,"y":-14.147506713867188,"z":992.337890625},"rotation":{"x":-0.02549702301621437,"y":-0.008697738870978356,"z":0.0003218813508283347,"w":-0.9996896386146545},"size":1429.10009765625,"orthographic":false}