{"cameraMode":{"drawMode":0,"name":"Shaded","section":"Shading Mode"},"sceneLighting":false,"audioPlay":false,"sceneViewState":{"showFog":true,"showMaterialUpdate":false,"showSkybox":false,"showFlares":true,"showImageEffects":true,"showParticleSystems":true},"in2DMode":false,"pivot":{"x":556.1395263671875,"y":323.27630615234377,"z":18.748085021972658},"rotation":{"x":-0.02549702301621437,"y":-0.008697738870978356,"z":0.0003218813508283347,"w":-0.9996896386146545},"size":233.34524536132813,"orthographic":false}