{"cameraMode":{"drawMode":0,"name":"Shaded","section":"Shading Mode"},"sceneLighting":false,"audioPlay":false,"sceneViewState":{"showFog":true,"showMaterialUpdate":false,"showSkybox":true,"showFlares":true,"showImageEffects":true,"showParticleSystems":true},"in2DMode":false,"pivot":{"x":-6.577779293060303,"y":-114.05721282958985,"z":-9.476385116577149},"rotation":{"x":0.4868830144405365,"y":-0.5132666826248169,"z":0.4940698742866516,"w":0.5054774284362793},"size":186.36727905273438,"orthographic":false}