{"cameraMode":{"drawMode":0,"name":"Shaded","section":"Shading Mode"},"sceneLighting":false,"audioPlay":false,"sceneViewState":{"showFog":true,"showMaterialUpdate":false,"showSkybox":true,"showFlares":true,"showImageEffects":true,"showParticleSystems":true},"in2DMode":false,"pivot":{"x":539.6490478515625,"y":-128.85385131835938,"z":-103.46533203125},"rotation":{"x":-0.02250114642083645,"y":0.004495368339121342,"z":0.00021915571414865553,"w":-0.9997994303703308},"size":1714.5076904296875,"orthographic":false}