{"cameraMode":{"drawMode":0,"name":"Shaded","section":"Shading Mode"},"sceneLighting":false,"audioPlay":false,"sceneViewState":{"showFog":true,"showMaterialUpdate":false,"showSkybox":false,"showFlares":true,"showImageEffects":true,"showParticleSystems":true},"in2DMode":false,"pivot":{"x":-0.05955272912979126,"y":0.32688629627227785,"z":-0.14899206161499024},"rotation":{"x":0.44567635655403139,"y":-0.018334371969103814,"z":0.008923341520130635,"w":0.8950257897377014},"size":3.9722366333007814,"orthographic":false}