{"cameraMode":{"drawMode":0,"name":"Shaded","section":"Shading Mode"},"sceneLighting":false,"audioPlay":false,"sceneViewState":{"showFog":true,"showMaterialUpdate":false,"showSkybox":true,"showFlares":true,"showImageEffects":true,"showParticleSystems":true},"in2DMode":false,"pivot":{"x":582.9451904296875,"y":268.3682556152344,"z":408.27606201171877},"rotation":{"x":0.0030016216915100815,"y":-0.027011096477508546,"z":-0.00003733110133907758,"w":0.9996656775474548},"size":86.46754455566406,"orthographic":false}