{"cameraMode":{"drawMode":0,"name":"Shaded","section":"Shading Mode"},"sceneLighting":false,"audioPlay":false,"sceneViewState":{"showFog":true,"showMaterialUpdate":false,"showSkybox":true,"showFlares":true,"showImageEffects":true,"showParticleSystems":true},"in2DMode":false,"pivot":{"x":1788.6312255859375,"y":-1105.99951171875,"z":-126.67758178710938},"rotation":{"x":0.17995230853557588,"y":0.7294266819953919,"z":-0.21039529144763947,"w":0.6256364583969116},"size":2566.04541015625,"orthographic":false}