{"cameraMode":{"drawMode":0,"name":"Shaded","section":"Shading Mode"},"sceneLighting":false,"audioPlay":false,"sceneViewState":{"showFog":true,"showMaterialUpdate":false,"showSkybox":true,"showFlares":true,"showImageEffects":true,"showParticleSystems":true},"in2DMode":false,"pivot":{"x":291.90338134765627,"y":200.97836303710938,"z":1220.2166748046875},"rotation":{"x":0.03749338909983635,"y":0.0033005529548972847,"z":-0.00009409354242961854,"w":0.9993370175361633},"size":3470.763916015625,"orthographic":false}