{"cameraMode":{"drawMode":0,"name":"Shaded","section":"Shading Mode"},"sceneLighting":false,"audioPlay":false,"sceneViewState":{"showFog":true,"showMaterialUpdate":false,"showSkybox":true,"showFlares":true,"showImageEffects":true,"showParticleSystems":true},"in2DMode":false,"pivot":{"x":495.8108215332031,"y":178.1019287109375,"z":-90.0379638671875},"rotation":{"x":-0.02250114642083645,"y":0.004495368339121342,"z":0.00021915571414865553,"w":-0.9997994303703308},"size":1184.7354736328125,"orthographic":false}