{"cameraMode":{"drawMode":0,"name":"Shaded","section":"Shading Mode"},"sceneLighting":false,"audioPlay":false,"sceneViewState":{"showFog":true,"showMaterialUpdate":false,"showSkybox":true,"showFlares":true,"showImageEffects":true,"showParticleSystems":true},"in2DMode":false,"pivot":{"x":-37.08531188964844,"y":-173.44268798828126,"z":-3.603752851486206},"rotation":{"x":-0.4789961576461792,"y":0.5204009413719177,"z":-0.48034700751304629,"w":-0.5187207460403442},"size":297.8153991699219,"orthographic":false}