{"cameraMode":{"drawMode":0,"name":"Shaded","section":"Shading Mode"},"sceneLighting":false,"audioPlay":false,"sceneViewState":{"showFog":true,"showMaterialUpdate":false,"showSkybox":true,"showFlares":true,"showImageEffects":true,"showParticleSystems":true},"in2DMode":false,"pivot":{"x":0.4655435085296631,"y":-2.257615804672241,"z":16.802616119384767},"rotation":{"x":0.026686282828450204,"y":0.9514176249504089,"z":-0.2943316698074341,"w":0.08707165718078613},"size":19.383865356445314,"orthographic":false}