{"cameraMode":{"drawMode":0,"name":"Shaded","section":"Shading Mode"},"sceneLighting":false,"audioPlay":false,"sceneViewState":{"showFog":true,"showMaterialUpdate":false,"showSkybox":true,"showFlares":true,"showImageEffects":true,"showParticleSystems":true},"in2DMode":false,"pivot":{"x":387.6115417480469,"y":50.6842041015625,"z":1.655029296875},"rotation":{"x":0.0015016745310276747,"y":-0.003892904845997691,"z":-0.00017111081979237497,"w":1.0000497102737427},"size":2614.26708984375,"orthographic":false}