{"cameraMode":{"drawMode":0,"name":"Shaded","section":"Shading Mode"},"sceneLighting":false,"audioPlay":false,"sceneViewState":{"showFog":true,"showMaterialUpdate":false,"showSkybox":true,"showFlares":true,"showImageEffects":true,"showParticleSystems":true},"in2DMode":false,"pivot":{"x":4.423103332519531,"y":8.673465728759766,"z":3.127033233642578},"rotation":{"x":0.3206205666065216,"y":-0.18456880748271943,"z":0.06371712684631348,"w":0.9269012808799744},"size":83.77534484863281,"orthographic":false}