{"cameraMode":{"drawMode":0,"name":"Shaded","section":"Shading Mode"},"sceneLighting":false,"audioPlay":false,"sceneViewState":{"showFog":true,"showMaterialUpdate":false,"showSkybox":true,"showFlares":true,"showImageEffects":true,"showParticleSystems":true},"in2DMode":false,"pivot":{"x":523.4336547851563,"y":-81.867919921875,"z":-101.4964599609375},"rotation":{"x":-0.02250114642083645,"y":0.004495368339121342,"z":0.00021915571414865553,"w":-0.9997994303703308},"size":515.0634155273438,"orthographic":false}