{"cameraMode":{"drawMode":0,"name":"Shaded","section":"Shading Mode"},"sceneLighting":false,"audioPlay":false,"sceneViewState":{"showFog":true,"showMaterialUpdate":false,"showSkybox":false,"showFlares":true,"showImageEffects":true,"showParticleSystems":true},"in2DMode":false,"pivot":{"x":1.136000156402588,"y":9.600000381469727,"z":-1.9999998807907105},"rotation":{"x":-0.03299136832356453,"y":0.02697853371500969,"z":-0.0006461160955950618,"w":-0.9991526007652283},"size":31.26584243774414,"orthographic":false}