{"cameraMode":{"drawMode":0,"name":"Shaded","section":"Shading Mode"},"sceneLighting":false,"audioPlay":false,"sceneViewState":{"showFog":true,"showMaterialUpdate":false,"showSkybox":true,"showFlares":true,"showImageEffects":true,"showParticleSystems":true},"in2DMode":false,"pivot":{"x":478.74517822265627,"y":55.799442291259769,"z":-286.2463073730469},"rotation":{"x":-0.007500788662582636,"y":-0.008698570542037487,"z":0.00008052054909057915,"w":-0.9999809265136719},"size":76.99858093261719,"orthographic":false}