{"cameraMode":{"drawMode":0,"name":"Shaded","section":"Shading Mode"},"sceneLighting":false,"audioPlay":false,"sceneViewState":{"showFog":true,"showMaterialUpdate":false,"showSkybox":false,"showFlares":true,"showImageEffects":true,"showParticleSystems":true},"in2DMode":false,"pivot":{"x":-4.469039440155029,"y":71.25555419921875,"z":-205.5049285888672},"rotation":{"x":-0.4000053405761719,"y":0.09760966151952744,"z":-0.04285924509167671,"w":-0.9103460907936096},"size":8.934784889221192,"orthographic":false}