{"cameraMode":{"drawMode":0,"name":"Shaded","section":"Shading Mode"},"sceneLighting":false,"audioPlay":false,"sceneViewState":{"showFog":true,"showMaterialUpdate":false,"showSkybox":true,"showFlares":true,"showImageEffects":true,"showParticleSystems":true},"in2DMode":false,"pivot":{"x":151.31919860839845,"y":-168.8726806640625,"z":3020.40478515625},"rotation":{"x":0.04648592695593834,"y":-0.0011970717459917069,"z":0.0000694969785399735,"w":0.9989615082740784},"size":3603.859619140625,"orthographic":false}