{"cameraMode":{"drawMode":0,"name":"Shaded","section":"Shading Mode"},"sceneLighting":false,"audioPlay":false,"sceneViewState":{"showFog":true,"showMaterialUpdate":false,"showSkybox":true,"showFlares":true,"showImageEffects":true,"showParticleSystems":true},"in2DMode":false,"pivot":{"x":22.76941680908203,"y":-8.085954666137696,"z":-3.478494644165039},"rotation":{"x":-0.08978058397769928,"y":-0.9025915861129761,"z":0.22951002418994904,"w":-0.3530995845794678},"size":41.49248504638672,"orthographic":false}