{"cameraMode":{"drawMode":0,"name":"Shaded","section":"Shading Mode"},"sceneLighting":false,"audioPlay":false,"sceneViewState":{"showFog":true,"showMaterialUpdate":false,"showSkybox":true,"showFlares":true,"showImageEffects":true,"showParticleSystems":true},"in2DMode":false,"pivot":{"x":-20.35699462890625,"y":-7.08941650390625,"z":47.001190185546878},"rotation":{"x":0.2811027467250824,"y":0.020106595009565355,"z":-0.006011806894093752,"w":0.9594854712486267},"size":152.5894775390625,"orthographic":false}