{"cameraMode":{"drawMode":0,"name":"Shaded","section":"Shading Mode"},"sceneLighting":false,"audioPlay":false,"sceneViewState":{"showFog":true,"showMaterialUpdate":false,"showSkybox":true,"showFlares":true,"showImageEffects":true,"showParticleSystems":true},"in2DMode":false,"pivot":{"x":1270.9827880859375,"y":-300.2437438964844,"z":28.871341705322267},"rotation":{"x":-0.08318685740232468,"y":-0.6953177452087402,"z":0.08190556615591049,"w":-0.7092434167861939},"size":1374.4580078125,"orthographic":false}