{"cameraMode":{"drawMode":0,"name":"Shaded","section":"Shading Mode"},"sceneLighting":false,"audioPlay":false,"sceneViewState":{"showFog":true,"showMaterialUpdate":false,"showSkybox":true,"showFlares":true,"showImageEffects":true,"showParticleSystems":true},"in2DMode":false,"pivot":{"x":50.6447639465332,"y":-24.200395584106447,"z":7.204906463623047},"rotation":{"x":0.010500979609787465,"y":0.0003010354412253946,"z":0.00001058850648405496,"w":0.9999886751174927},"size":26.989543914794923,"orthographic":false}