{"cameraMode":{"drawMode":0,"name":"Shaded","section":"Shading Mode"},"sceneLighting":false,"audioPlay":false,"sceneViewState":{"showFog":true,"showMaterialUpdate":false,"showSkybox":true,"showFlares":true,"showImageEffects":true,"showParticleSystems":true},"in2DMode":false,"pivot":{"x":693.4075927734375,"y":-268.99468994140627,"z":1298.644775390625},"rotation":{"x":-0.04935455694794655,"y":-0.0673714280128479,"z":0.003580816788598895,"w":-0.9965611696243286},"size":2507.760009765625,"orthographic":false}