{"cameraMode":{"drawMode":0,"name":"Shaded","section":"Shading Mode"},"sceneLighting":false,"audioPlay":false,"sceneViewState":{"showFog":true,"showMaterialUpdate":false,"showSkybox":true,"showFlares":true,"showImageEffects":true,"showParticleSystems":true},"in2DMode":false,"pivot":{"x":304.2520751953125,"y":160.15835571289063,"z":-281.64306640625},"rotation":{"x":-0.007500788662582636,"y":-0.008698570542037487,"z":0.00008052054909057915,"w":-0.9999809265136719},"size":302.40203857421877,"orthographic":false}