{"cameraMode":{"drawMode":0,"name":"Shaded","section":"Shading Mode"},"sceneLighting":false,"audioPlay":false,"sceneViewState":{"showFog":true,"showMaterialUpdate":false,"showSkybox":true,"showFlares":true,"showImageEffects":true,"showParticleSystems":true},"in2DMode":false,"pivot":{"x":153.81515502929688,"y":265.20843505859377,"z":10.89178466796875},"rotation":{"x":-0.010493805631995201,"y":-0.017390944063663484,"z":-0.0004153519694227725,"w":0.9998536109924316},"size":1528.148681640625,"orthographic":false}