{"cameraMode":{"drawMode":0,"name":"Shaded","section":"Shading Mode"},"sceneLighting":false,"audioPlay":false,"sceneViewState":{"showFog":true,"showMaterialUpdate":false,"showSkybox":true,"showFlares":true,"showImageEffects":true,"showParticleSystems":true},"in2DMode":false,"pivot":{"x":583.813232421875,"y":205.40757751464845,"z":470.4540100097656},"rotation":{"x":-0.07642306387424469,"y":-0.01315909530967474,"z":0.0010239776456728578,"w":-0.9970350861549377},"size":1457.0985107421875,"orthographic":false}