{"cameraMode":{"drawMode":0,"name":"Shaded","section":"Shading Mode"},"sceneLighting":false,"audioPlay":false,"sceneViewState":{"showFog":true,"showMaterialUpdate":false,"showSkybox":true,"showFlares":true,"showImageEffects":true,"showParticleSystems":true},"in2DMode":false,"pivot":{"x":595.790771484375,"y":132.6484375,"z":998.9199829101563},"rotation":{"x":-0.02549702301621437,"y":-0.008697738870978356,"z":0.0003218813508283347,"w":-0.9996896386146545},"size":1741.2906494140625,"orthographic":false}