{"cameraMode":{"drawMode":0,"name":"Shaded","section":"Shading Mode"},"sceneLighting":false,"audioPlay":false,"sceneViewState":{"showFog":true,"showMaterialUpdate":false,"showSkybox":true,"showFlares":true,"showImageEffects":true,"showParticleSystems":true},"in2DMode":false,"pivot":{"x":-7.969324111938477,"y":0.44189453125,"z":7.4695892333984379},"rotation":{"x":-0.48295825719833376,"y":-0.5168502926826477,"z":0.49183493852615359,"w":-0.5077361464500427},"size":58.441612243652347,"orthographic":false}