{"cameraMode":{"drawMode":0,"name":"Shaded","section":"Shading Mode"},"sceneLighting":false,"audioPlay":false,"sceneViewState":{"showFog":true,"showMaterialUpdate":false,"showSkybox":true,"showFlares":true,"showImageEffects":true,"showParticleSystems":true},"in2DMode":false,"pivot":{"x":39.99782943725586,"y":-54.10546875,"z":41.87857437133789},"rotation":{"x":-0.40223944187164309,"y":-0.35994547605514529,"z":0.1759410798549652,"w":-0.8232775926589966},"size":93.13528442382813,"orthographic":false}