{"cameraMode":{"drawMode":0,"name":"Shaded","section":"Shading Mode"},"sceneLighting":false,"audioPlay":false,"sceneViewState":{"showFog":true,"showMaterialUpdate":false,"showSkybox":false,"showFlares":true,"showImageEffects":true,"showParticleSystems":true},"in2DMode":false,"pivot":{"x":14.352987289428711,"y":-14.80988883972168,"z":-33.42702865600586},"rotation":{"x":-0.04381779208779335,"y":-0.9561205506324768,"z":0.21130485832691194,"w":-0.19839757680892945},"size":50.23672103881836,"orthographic":false}