{"cameraMode":{"drawMode":0,"name":"Shaded","section":"Shading Mode"},"sceneLighting":false,"audioPlay":false,"sceneViewState":{"showFog":true,"showMaterialUpdate":false,"showSkybox":true,"showFlares":true,"showImageEffects":true,"showParticleSystems":true},"in2DMode":false,"pivot":{"x":410.60107421875,"y":-227.75315856933595,"z":245.65936279296876},"rotation":{"x":0.032996587455272678,"y":0.0006036399281583726,"z":-0.00020596751710399985,"w":0.9995124936103821},"size":1254.1700439453125,"orthographic":false}