{"cameraMode":{"drawMode":0,"name":"Shaded","section":"Shading Mode"},"sceneLighting":false,"audioPlay":false,"sceneViewState":{"showFog":true,"showMaterialUpdate":false,"showSkybox":true,"showFlares":true,"showImageEffects":true,"showParticleSystems":true},"in2DMode":false,"pivot":{"x":338.9118957519531,"y":170.01412963867188,"z":3043.568115234375},"rotation":{"x":0.006000871770083904,"y":0.00780124869197607,"z":-0.00003307932274765335,"w":0.9999950528144836},"size":3657.8291015625,"orthographic":false}