{"cameraMode":{"drawMode":0,"name":"Shaded","section":"Shading Mode"},"sceneLighting":false,"audioPlay":false,"sceneViewState":{"showFog":true,"showMaterialUpdate":false,"showSkybox":true,"showFlares":true,"showImageEffects":true,"showParticleSystems":true},"in2DMode":false,"pivot":{"x":8.062088012695313,"y":193.48025512695313,"z":182.1151885986328},"rotation":{"x":-0.06432142108678818,"y":-0.40540236234664919,"z":-0.02872616983950138,"w":0.9114599227905273},"size":925.2720336914063,"orthographic":false}