{"cameraMode":{"drawMode":0,"name":"Shaded","section":"Shading Mode"},"sceneLighting":false,"audioPlay":false,"sceneViewState":{"showFog":true,"showMaterialUpdate":false,"showSkybox":true,"showFlares":true,"showImageEffects":true,"showParticleSystems":true},"in2DMode":false,"pivot":{"x":760.2990112304688,"y":130.23159790039063,"z":-89.8077392578125},"rotation":{"x":-0.02250114642083645,"y":0.004495368339121342,"z":0.00021915571414865553,"w":-0.9997994303703308},"size":1593.9246826171875,"orthographic":false}