{"cameraMode":{"drawMode":0,"name":"Shaded","section":"Shading Mode"},"sceneLighting":false,"audioPlay":false,"sceneViewState":{"showFog":true,"showMaterialUpdate":false,"showSkybox":true,"showFlares":true,"showImageEffects":true,"showParticleSystems":true},"in2DMode":false,"pivot":{"x":5.47553825378418,"y":-10.642290115356446,"z":60.300594329833987},"rotation":{"x":-0.11192283779382706,"y":-0.07712746411561966,"z":0.008811194449663163,"w":-0.9907334446907044},"size":178.66647338867188,"orthographic":false}