{"cameraMode":{"drawMode":0,"name":"Shaded","section":"Shading Mode"},"sceneLighting":false,"audioPlay":false,"sceneViewState":{"showFog":true,"showMaterialUpdate":false,"showSkybox":true,"showFlares":true,"showImageEffects":true,"showParticleSystems":true},"in2DMode":false,"pivot":{"x":666.146728515625,"y":319.05206298828127,"z":225.82989501953126},"rotation":{"x":-0.009000616148114205,"y":-0.0030108720529824497,"z":0.00026762185734696686,"w":-1.0000152587890626},"size":1162.69775390625,"orthographic":false}