{"cameraMode":{"drawMode":0,"name":"Shaded","section":"Shading Mode"},"sceneLighting":false,"audioPlay":false,"sceneViewState":{"showFog":true,"showMaterialUpdate":false,"showSkybox":true,"showFlares":true,"showImageEffects":true,"showParticleSystems":true},"in2DMode":false,"pivot":{"x":-8.13892936706543,"y":-30.114351272583009,"z":59.38051986694336},"rotation":{"x":0.24775442481040955,"y":-0.03432582691311836,"z":0.008592914789915085,"w":0.968235433101654},"size":402.7652282714844,"orthographic":false}