{"cameraMode":{"drawMode":0,"name":"Shaded","section":"Shading Mode"},"sceneLighting":false,"audioPlay":false,"sceneViewState":{"showFog":true,"showMaterialUpdate":false,"showSkybox":true,"showFlares":true,"showImageEffects":true,"showParticleSystems":true},"in2DMode":false,"pivot":{"x":-22.884355545043947,"y":-81.8724365234375,"z":4.3224568367004398},"rotation":{"x":-0.431086927652359,"y":0.5570564866065979,"z":-0.4190917909145355,"w":-0.5729807019233704},"size":119.46839141845703,"orthographic":false}