{"cameraMode":{"drawMode":0,"name":"Shaded","section":"Shading Mode"},"sceneLighting":false,"audioPlay":false,"sceneViewState":{"showFog":true,"showMaterialUpdate":false,"showSkybox":true,"showFlares":true,"showImageEffects":true,"showParticleSystems":true},"in2DMode":false,"pivot":{"x":555.1752319335938,"y":-1161.050537109375,"z":1757.86669921875},"rotation":{"x":-0.01199706457555294,"y":-0.013509376905858517,"z":0.0004036541795358062,"w":-0.9998969435691834},"size":2321.189208984375,"orthographic":false}