{"cameraMode":{"drawMode":0,"name":"Shaded","section":"Shading Mode"},"sceneLighting":false,"audioPlay":false,"sceneViewState":{"showFog":true,"showMaterialUpdate":false,"showSkybox":true,"showFlares":true,"showImageEffects":true,"showParticleSystems":true},"in2DMode":false,"pivot":{"x":623.7627563476563,"y":467.7095642089844,"z":57.01416015625},"rotation":{"x":-0.003000178374350071,"y":-0.0027029679622501137,"z":0.000105369916127529,"w":-1.000044822692871},"size":937.9170532226563,"orthographic":false}