{"cameraMode":{"drawMode":0,"name":"Shaded","section":"Shading Mode"},"sceneLighting":false,"audioPlay":false,"sceneViewState":{"showFog":true,"showMaterialUpdate":false,"showSkybox":false,"showFlares":true,"showImageEffects":true,"showParticleSystems":true},"in2DMode":false,"pivot":{"x":-0.9020109176635742,"y":-7.496146202087402,"z":24.988229751586915},"rotation":{"x":-0.17160460352897645,"y":0.02393881045281887,"z":-0.00414658198133111,"w":-0.984916090965271},"size":38.71087646484375,"orthographic":false}