{"cameraMode":{"drawMode":0,"name":"Shaded","section":"Shading Mode"},"sceneLighting":false,"audioPlay":false,"sceneViewState":{"showFog":true,"showMaterialUpdate":false,"showSkybox":true,"showFlares":true,"showImageEffects":true,"showParticleSystems":true},"in2DMode":false,"pivot":{"x":528.8690795898438,"y":-237.40928649902345,"z":28.1722412109375},"rotation":{"x":0.0060030873864889149,"y":-0.012893255800008774,"z":-0.00010286801989423111,"w":0.999956488609314},"size":1766.195556640625,"orthographic":false}