{"cameraMode":{"drawMode":0,"name":"Shaded","section":"Shading Mode"},"sceneLighting":false,"audioPlay":false,"sceneViewState":{"showFog":true,"showMaterialUpdate":false,"showSkybox":true,"showFlares":true,"showImageEffects":true,"showParticleSystems":true},"in2DMode":false,"pivot":{"x":578.2559814453125,"y":-274.88519287109377,"z":-109.690185546875},"rotation":{"x":-0.02250114642083645,"y":0.004495368339121342,"z":0.00021915571414865553,"w":-0.9997994303703308},"size":516.2454223632813,"orthographic":false}