{"cameraMode":{"drawMode":0,"name":"Shaded","section":"Shading Mode"},"sceneLighting":false,"audioPlay":false,"sceneViewState":{"showFog":true,"showMaterialUpdate":false,"showSkybox":true,"showFlares":true,"showImageEffects":true,"showParticleSystems":true},"in2DMode":false,"pivot":{"x":-377.3804016113281,"y":-202.1139678955078,"z":-59.35475158691406},"rotation":{"x":-0.14518074691295625,"y":0.7378016114234924,"z":-0.16749602556228639,"w":-0.6376825571060181},"size":1345.9896240234375,"orthographic":false}