{"cameraMode":{"drawMode":0,"name":"Shaded","section":"Shading Mode"},"sceneLighting":false,"audioPlay":false,"sceneViewState":{"showFog":true,"showMaterialUpdate":false,"showSkybox":true,"showFlares":true,"showImageEffects":true,"showParticleSystems":true},"in2DMode":false,"pivot":{"x":32.495914459228519,"y":16.488590240478517,"z":113.26997375488281},"rotation":{"x":-0.03293967247009277,"y":0.06354006379842758,"z":0.0019178276415914298,"w":0.9974910616874695},"size":143.8638153076172,"orthographic":false}