{"cameraMode":{"drawMode":0,"name":"Shaded","section":"Shading Mode"},"sceneLighting":false,"audioPlay":false,"sceneViewState":{"showFog":true,"showMaterialUpdate":false,"showSkybox":true,"showFlares":true,"showImageEffects":true,"showParticleSystems":true},"in2DMode":false,"pivot":{"x":184.85235595703126,"y":189.69424438476563,"z":558.725341796875},"rotation":{"x":-0.08986669033765793,"y":0.018853608518838884,"z":-0.001577574061229825,"w":-0.9958038926124573},"size":1884.52197265625,"orthographic":false}