{"cameraMode":{"drawMode":0,"name":"Shaded","section":"Shading Mode"},"sceneLighting":false,"audioPlay":false,"sceneViewState":{"showFog":true,"showMaterialUpdate":false,"showSkybox":true,"showFlares":true,"showImageEffects":true,"showParticleSystems":true},"in2DMode":false,"pivot":{"x":67.29377746582031,"y":-162.69552612304688,"z":-8.04156494140625},"rotation":{"x":0.24775442481040955,"y":-0.03432582691311836,"z":0.008592914789915085,"w":0.968235433101654},"size":971.3543701171875,"orthographic":false}