{"cameraMode":{"drawMode":0,"name":"Shaded","section":"Shading Mode"},"sceneLighting":false,"audioPlay":false,"sceneViewState":{"showFog":true,"showMaterialUpdate":false,"showSkybox":true,"showFlares":true,"showImageEffects":true,"showParticleSystems":true},"in2DMode":false,"pivot":{"x":546.19677734375,"y":278.3773498535156,"z":278.9507751464844},"rotation":{"x":0.032996587455272678,"y":0.0006036399281583726,"z":-0.00020596751710399985,"w":0.9995124936103821},"size":586.1074829101563,"orthographic":false}