{"cameraMode":{"drawMode":0,"name":"Shaded","section":"Shading Mode"},"sceneLighting":false,"audioPlay":false,"sceneViewState":{"showFog":true,"showMaterialUpdate":false,"showSkybox":true,"showFlares":true,"showImageEffects":true,"showParticleSystems":true},"in2DMode":false,"pivot":{"x":426.5235290527344,"y":-136.74630737304688,"z":128.488037109375},"rotation":{"x":0.01050285343080759,"y":-0.01439345721155405,"z":-0.0000313965356326662,"w":0.9998981952667236},"size":1303.8048095703125,"orthographic":false}