{"cameraMode":{"drawMode":0,"name":"Shaded","section":"Shading Mode"},"sceneLighting":false,"audioPlay":false,"sceneViewState":{"showFog":true,"showMaterialUpdate":false,"showSkybox":true,"showFlares":true,"showImageEffects":true,"showParticleSystems":true},"in2DMode":false,"pivot":{"x":315.4644470214844,"y":345.154052734375,"z":475.04425048828127},"rotation":{"x":-0.15656328201293946,"y":-0.060403745621442798,"z":0.009609200991690159,"w":-0.9858196973800659},"size":962.6609497070313,"orthographic":false}