{"cameraMode":{"drawMode":0,"name":"Shaded","section":"Shading Mode"},"sceneLighting":false,"audioPlay":false,"sceneViewState":{"showFog":true,"showMaterialUpdate":false,"showSkybox":true,"showFlares":true,"showImageEffects":true,"showParticleSystems":true},"in2DMode":false,"pivot":{"x":293.13079833984377,"y":184.7904052734375,"z":3096.194091796875},"rotation":{"x":0.007500295992940664,"y":-0.011698913760483265,"z":0.0001012953434837982,"w":0.9999467134475708},"size":4684.30029296875,"orthographic":false}