{"cameraMode":{"drawMode":0,"name":"Shaded","section":"Shading Mode"},"sceneLighting":false,"audioPlay":false,"sceneViewState":{"showFog":true,"showMaterialUpdate":false,"showSkybox":true,"showFlares":true,"showImageEffects":true,"showParticleSystems":true},"in2DMode":false,"pivot":{"x":506.4150695800781,"y":61.135223388671878,"z":1458.417236328125},"rotation":{"x":-0.02549702301621437,"y":-0.008697738870978356,"z":0.0003218813508283347,"w":-0.9996896386146545},"size":3843.11767578125,"orthographic":false}