{"cameraMode":{"drawMode":0,"name":"Shaded","section":"Shading Mode"},"sceneLighting":false,"audioPlay":false,"sceneViewState":{"showFog":true,"showMaterialUpdate":false,"showSkybox":false,"showFlares":true,"showImageEffects":true,"showParticleSystems":true},"in2DMode":false,"pivot":{"x":-0.6432183980941773,"y":-0.02630615234375,"z":-27.072837829589845},"rotation":{"x":0.09335508197546005,"y":-0.39746105670928957,"z":0.040657319128513339,"w":0.9119694828987122},"size":4.38338565826416,"orthographic":false}