{"cameraMode":{"drawMode":0,"name":"Shaded","section":"Shading Mode"},"sceneLighting":false,"audioPlay":false,"sceneViewState":{"showFog":true,"showMaterialUpdate":false,"showSkybox":true,"showFlares":true,"showImageEffects":true,"showParticleSystems":true},"in2DMode":false,"pivot":{"x":239.40655517578126,"y":-781.815185546875,"z":51.59027099609375},"rotation":{"x":-0.003000178374350071,"y":-0.0027029679622501137,"z":0.000105369916127529,"w":-1.000044822692871},"size":794.0471801757813,"orthographic":false}