{"cameraMode":{"drawMode":0,"name":"Shaded","section":"Shading Mode"},"sceneLighting":false,"audioPlay":false,"sceneViewState":{"showFog":true,"showMaterialUpdate":false,"showSkybox":true,"showFlares":true,"showImageEffects":true,"showParticleSystems":true},"in2DMode":false,"pivot":{"x":407.71356201171877,"y":194.57403564453126,"z":-6.34326171875},"rotation":{"x":-0.01199706457555294,"y":-0.013509376905858517,"z":0.0004036541795358062,"w":-0.9998969435691834},"size":1173.8050537109375,"orthographic":false}