{"cameraMode":{"drawMode":0,"name":"Shaded","section":"Shading Mode"},"sceneLighting":false,"audioPlay":false,"sceneViewState":{"showFog":true,"showMaterialUpdate":false,"showSkybox":true,"showFlares":true,"showImageEffects":true,"showParticleSystems":true},"in2DMode":false,"pivot":{"x":-45.19368362426758,"y":-5.967151641845703,"z":-5.788100242614746},"rotation":{"x":-0.22942395508289338,"y":0.6256300210952759,"z":-0.19962480664253236,"w":-0.7184417843818665},"size":289.65240478515627,"orthographic":false}