{"cameraMode":{"drawMode":0,"name":"Shaded","section":"Shading Mode"},"sceneLighting":false,"audioPlay":false,"sceneViewState":{"showFog":true,"showMaterialUpdate":false,"showSkybox":true,"showFlares":true,"showImageEffects":true,"showParticleSystems":true},"in2DMode":false,"pivot":{"x":187.03334045410157,"y":-450.9329833984375,"z":1123.7684326171875},"rotation":{"x":0.03749338909983635,"y":0.0033005529548972847,"z":-0.00009409354242961854,"w":0.9993370175361633},"size":1658.6556396484375,"orthographic":false}