{"cameraMode":{"drawMode":0,"name":"Shaded","section":"Shading Mode"},"sceneLighting":false,"audioPlay":false,"sceneViewState":{"showFog":true,"showMaterialUpdate":false,"showSkybox":true,"showFlares":true,"showImageEffects":true,"showParticleSystems":true},"in2DMode":false,"pivot":{"x":377.8564758300781,"y":117.26481628417969,"z":223.92803955078126},"rotation":{"x":-0.009000616148114205,"y":-0.0030108720529824497,"z":0.00026762185734696686,"w":-1.0000152587890626},"size":4017.319580078125,"orthographic":false}