{"cameraMode":{"drawMode":0,"name":"Shaded","section":"Shading Mode"},"sceneLighting":false,"audioPlay":false,"sceneViewState":{"showFog":true,"showMaterialUpdate":false,"showSkybox":true,"showFlares":true,"showImageEffects":true,"showParticleSystems":true},"in2DMode":false,"pivot":{"x":370.1005859375,"y":-323.6719665527344,"z":1164.9527587890625},"rotation":{"x":0.06594609469175339,"y":0.015562194399535656,"z":-0.0012060325825586916,"w":0.9977597594261169},"size":1860.0211181640625,"orthographic":false}