{"cameraMode":{"drawMode":0,"name":"Shaded","section":"Shading Mode"},"sceneLighting":false,"audioPlay":false,"sceneViewState":{"showFog":true,"showMaterialUpdate":false,"showSkybox":true,"showFlares":true,"showImageEffects":true,"showParticleSystems":true},"in2DMode":false,"pivot":{"x":825.0875244140625,"y":-73.00837707519531,"z":148.64739990234376},"rotation":{"x":-0.008996821939945221,"y":-0.011390338651835919,"z":-0.0002827100979629904,"w":0.999951958656311},"size":503.77288818359377,"orthographic":false}