{"cameraMode":{"drawMode":0,"name":"Shaded","section":"Shading Mode"},"sceneLighting":false,"audioPlay":false,"sceneViewState":{"showFog":true,"showMaterialUpdate":false,"showSkybox":true,"showFlares":true,"showImageEffects":true,"showParticleSystems":true},"in2DMode":false,"pivot":{"x":418.660888671875,"y":86.80906677246094,"z":29.22174072265625},"rotation":{"x":0.0060030873864889149,"y":-0.012893255800008774,"z":-0.00010286801989423111,"w":0.999956488609314},"size":348.39208984375,"orthographic":false}