{"cameraMode":{"drawMode":0,"name":"Shaded","section":"Shading Mode"},"sceneLighting":false,"audioPlay":false,"sceneViewState":{"showFog":true,"showMaterialUpdate":false,"showSkybox":true,"showFlares":true,"showImageEffects":true,"showParticleSystems":true},"in2DMode":false,"pivot":{"x":630.1536865234375,"y":83.4001235961914,"z":218.01171875},"rotation":{"x":-0.022501111030578615,"y":0.017988000065088273,"z":-0.000164146171300672,"w":-0.9996452927589417},"size":2133.41015625,"orthographic":false}