{"cameraMode":{"drawMode":0,"name":"Shaded","section":"Shading Mode"},"sceneLighting":false,"audioPlay":false,"sceneViewState":{"showFog":true,"showMaterialUpdate":false,"showSkybox":true,"showFlares":true,"showImageEffects":true,"showParticleSystems":true},"in2DMode":false,"pivot":{"x":1188.032470703125,"y":126.1970443725586,"z":270.5020751953125},"rotation":{"x":0.03879644349217415,"y":-0.6210944056510925,"z":-0.030712706968188287,"w":-0.7822126150131226},"size":4835.689453125,"orthographic":false}