{"cameraMode":{"drawMode":0,"name":"Shaded","section":"Shading Mode"},"sceneLighting":false,"audioPlay":false,"sceneViewState":{"showFog":true,"showMaterialUpdate":false,"showSkybox":true,"showFlares":true,"showImageEffects":true,"showParticleSystems":true},"in2DMode":false,"pivot":{"x":6.848348617553711,"y":-216.65472412109376,"z":-20.40131187438965},"rotation":{"x":0.6070072054862976,"y":0.3648827373981476,"z":-0.3676703870296478,"w":0.6027401685714722},"size":223.0443572998047,"orthographic":false}