{"cameraMode":{"drawMode":0,"name":"Shaded","section":"Shading Mode"},"sceneLighting":false,"audioPlay":false,"sceneViewState":{"showFog":true,"showMaterialUpdate":false,"showSkybox":true,"showFlares":true,"showImageEffects":true,"showParticleSystems":true},"in2DMode":false,"pivot":{"x":-27.673908233642579,"y":9.811384201049805,"z":-2.240327835083008},"rotation":{"x":-0.09114042669534683,"y":-0.7521885633468628,"z":0.10698586702346802,"w":-0.6438910365104675},"size":10.119016647338868,"orthographic":false}