{"cameraMode":{"drawMode":0,"name":"Shaded","section":"Shading Mode"},"sceneLighting":false,"audioPlay":false,"sceneViewState":{"showFog":true,"showMaterialUpdate":false,"showSkybox":true,"showFlares":true,"showImageEffects":true,"showParticleSystems":true},"in2DMode":false,"pivot":{"x":480.8032531738281,"y":370.9305419921875,"z":227.875},"rotation":{"x":-0.009000616148114205,"y":-0.0030108720529824497,"z":0.00026762185734696686,"w":-1.0000152587890626},"size":1295.98291015625,"orthographic":false}