{"cameraMode":{"drawMode":0,"name":"Shaded","section":"Shading Mode"},"sceneLighting":false,"audioPlay":false,"sceneViewState":{"showFog":true,"showMaterialUpdate":false,"showSkybox":true,"showFlares":true,"showImageEffects":true,"showParticleSystems":true},"in2DMode":false,"pivot":{"x":241.3349609375,"y":31.8758544921875,"z":15.00030517578125},"rotation":{"x":0.2854858636856079,"y":-0.006673878990113735,"z":0.001746003283187747,"w":0.9584205746650696},"size":806.2493286132813,"orthographic":false}