{"cameraMode":{"drawMode":0,"name":"Shaded","section":"Shading Mode"},"sceneLighting":false,"audioPlay":false,"sceneViewState":{"showFog":true,"showMaterialUpdate":false,"showSkybox":true,"showFlares":true,"showImageEffects":true,"showParticleSystems":true},"in2DMode":false,"pivot":{"x":-32.55194854736328,"y":-11.405452728271485,"z":-16.728206634521486},"rotation":{"x":0.18857213854789735,"y":-0.6675480604171753,"z":0.18038052320480348,"w":0.6973919868469238},"size":122.30852508544922,"orthographic":false}