{"cameraMode":{"drawMode":0,"name":"Shaded","section":"Shading Mode"},"sceneLighting":false,"audioPlay":false,"sceneViewState":{"showFog":true,"showMaterialUpdate":false,"showSkybox":false,"showFlares":true,"showImageEffects":true,"showParticleSystems":true},"in2DMode":false,"pivot":{"x":0.00015723705291748047,"y":0.13632896542549134,"z":0.014713078737258911},"rotation":{"x":-0.03299136832356453,"y":0.02697853371500969,"z":-0.0006461160955950618,"w":-0.9991526007652283},"size":1.4415839910507203,"orthographic":false}