{"cameraMode":{"drawMode":0,"name":"Shaded","section":"Shading Mode"},"sceneLighting":false,"audioPlay":false,"sceneViewState":{"showFog":true,"showMaterialUpdate":false,"showSkybox":true,"showFlares":true,"showImageEffects":true,"showParticleSystems":true},"in2DMode":false,"pivot":{"x":795.9586791992188,"y":76.17216491699219,"z":14.23834228515625},"rotation":{"x":0.02099945954978466,"y":0.003605652367696166,"z":-0.00024006786406971514,"w":0.9998288154602051},"size":637.0598754882813,"orthographic":false}