{"cameraMode":{"drawMode":0,"name":"Shaded","section":"Shading Mode"},"sceneLighting":false,"audioPlay":false,"sceneViewState":{"showFog":true,"showMaterialUpdate":false,"showSkybox":true,"showFlares":true,"showImageEffects":true,"showParticleSystems":true},"in2DMode":false,"pivot":{"x":7.4668474197387699,"y":2.736114025115967,"z":-2.1237921714782717},"rotation":{"x":-0.015851475298404695,"y":0.9097819924354553,"z":-0.03398098796606064,"w":-0.41355186700820925},"size":14.446046829223633,"orthographic":false}