{"cameraMode":{"drawMode":0,"name":"Shaded","section":"Shading Mode"},"sceneLighting":false,"audioPlay":false,"sceneViewState":{"showFog":true,"showMaterialUpdate":false,"showSkybox":true,"showFlares":true,"showImageEffects":true,"showParticleSystems":true},"in2DMode":false,"pivot":{"x":9.043754577636719,"y":-143.3169708251953,"z":-16.924388885498048},"rotation":{"x":0.4884202778339386,"y":-0.5118069648742676,"z":0.5030978322029114,"w":0.4964984655380249},"size":219.81800842285157,"orthographic":false}