{"cameraMode":{"drawMode":0,"name":"Shaded","section":"Shading Mode"},"sceneLighting":false,"audioPlay":false,"sceneViewState":{"showFog":true,"showMaterialUpdate":false,"showSkybox":false,"showFlares":true,"showImageEffects":true,"showParticleSystems":true},"in2DMode":false,"pivot":{"x":1.7212412357330323,"y":-0.2583963871002197,"z":9.541229248046875},"rotation":{"x":-0.002998899668455124,"y":0.013800976797938347,"z":0.000058345976867713034,"w":0.999943733215332},"size":18.38735580444336,"orthographic":false}