{"cameraMode":{"drawMode":0,"name":"Shaded","section":"Shading Mode"},"sceneLighting":false,"audioPlay":false,"sceneViewState":{"showFog":true,"showMaterialUpdate":false,"showSkybox":false,"showFlares":true,"showImageEffects":true,"showParticleSystems":true},"in2DMode":false,"pivot":{"x":391.29803466796877,"y":351.1435852050781,"z":-140.08285522460938},"rotation":{"x":0.0012147452216595412,"y":-0.9989288449287415,"z":0.031473420560359958,"w":0.03537999838590622},"size":575.6729736328125,"orthographic":false}