{"cameraMode":{"drawMode":0,"name":"Shaded","section":"Shading Mode"},"sceneLighting":false,"audioPlay":false,"sceneViewState":{"showFog":true,"showMaterialUpdate":false,"showSkybox":false,"showFlares":true,"showImageEffects":true,"showParticleSystems":true},"in2DMode":false,"pivot":{"x":0.796775758266449,"y":-0.09630215167999268,"z":-1.0492515563964844},"rotation":{"x":-0.09704328328371048,"y":-0.07813002914190293,"z":0.00768582196906209,"w":-0.9921982884407044},"size":6.1274333000183109,"orthographic":false}