{"cameraMode":{"drawMode":0,"name":"Shaded","section":"Shading Mode"},"sceneLighting":false,"audioPlay":false,"sceneViewState":{"showFog":true,"showMaterialUpdate":false,"showSkybox":true,"showFlares":true,"showImageEffects":true,"showParticleSystems":true},"in2DMode":false,"pivot":{"x":-0.0719294548034668,"y":8.497227668762207,"z":3.5102615356445314},"rotation":{"x":-0.03299136832356453,"y":0.02697853371500969,"z":-0.0006461160955950618,"w":-0.9991526007652283},"size":158.7615966796875,"orthographic":false}