{"cameraMode":{"drawMode":0,"name":"Shaded","section":"Shading Mode"},"sceneLighting":false,"audioPlay":false,"sceneViewState":{"showFog":true,"showMaterialUpdate":false,"showSkybox":true,"showFlares":true,"showImageEffects":true,"showParticleSystems":true},"in2DMode":false,"pivot":{"x":547.1339111328125,"y":292.24365234375,"z":222.15789794921876},"rotation":{"x":0.02099945954978466,"y":0.003605652367696166,"z":-0.00024006786406971514,"w":0.9998288154602051},"size":949.86181640625,"orthographic":false}