{"cameraMode":{"drawMode":0,"name":"Shaded","section":"Shading Mode"},"sceneLighting":false,"audioPlay":false,"sceneViewState":{"showFog":true,"showMaterialUpdate":false,"showSkybox":true,"showFlares":true,"showImageEffects":true,"showParticleSystems":true},"in2DMode":false,"pivot":{"x":-18.47307777404785,"y":-83.08123779296875,"z":1.6097502708435059},"rotation":{"x":-0.4388348162174225,"y":0.5543810725212097,"z":-0.43830445408821108,"w":-0.5550380945205689},"size":139.03208923339845,"orthographic":false}