{"cameraMode":{"drawMode":0,"name":"Shaded","section":"Shading Mode"},"sceneLighting":false,"audioPlay":false,"sceneViewState":{"showFog":true,"showMaterialUpdate":false,"showSkybox":true,"showFlares":true,"showImageEffects":true,"showParticleSystems":true},"in2DMode":false,"pivot":{"x":1870.913818359375,"y":-29.785287857055665,"z":-712.6771850585938},"rotation":{"x":0.003053863998502493,"y":0.8316202759742737,"z":-0.005176982842385769,"w":0.5554314851760864},"size":2164.68310546875,"orthographic":false}