{"cameraMode":{"drawMode":0,"name":"Shaded","section":"Shading Mode"},"sceneLighting":false,"audioPlay":false,"sceneViewState":{"showFog":true,"showMaterialUpdate":false,"showSkybox":true,"showFlares":true,"showImageEffects":true,"showParticleSystems":true},"in2DMode":false,"pivot":{"x":0.0561985969543457,"y":0.001865386962890625,"z":-6.904621124267578},"rotation":{"x":-0.4882623553276062,"y":-0.5116572380065918,"z":0.49723508954048159,"w":-0.5026375651359558},"size":63.16128921508789,"orthographic":false}