{"cameraMode":{"drawMode":0,"name":"Shaded","section":"Shading Mode"},"sceneLighting":false,"audioPlay":false,"sceneViewState":{"showFog":true,"showMaterialUpdate":false,"showSkybox":true,"showFlares":true,"showImageEffects":true,"showParticleSystems":true},"in2DMode":false,"pivot":{"x":599.7476806640625,"y":-897.5973510742188,"z":-37.7691650390625},"rotation":{"x":-0.01199706457555294,"y":-0.013509376905858517,"z":0.0004036541795358062,"w":-0.9998969435691834},"size":4780.23193359375,"orthographic":false}