{"cameraMode":{"drawMode":0,"name":"Shaded","section":"Shading Mode"},"sceneLighting":false,"audioPlay":false,"sceneViewState":{"showFog":true,"showMaterialUpdate":false,"showSkybox":false,"showFlares":true,"showImageEffects":true,"showParticleSystems":true},"in2DMode":false,"pivot":{"x":-1.4455418586730958,"y":-5.873014450073242,"z":4.342849254608154},"rotation":{"x":-0.4000053405761719,"y":0.09760966151952744,"z":-0.04285924509167671,"w":-0.9103460907936096},"size":19.430709838867189,"orthographic":false}