{"cameraMode":{"drawMode":0,"name":"Shaded","section":"Shading Mode"},"sceneLighting":false,"audioPlay":false,"sceneViewState":{"showFog":true,"showMaterialUpdate":false,"showSkybox":true,"showFlares":true,"showImageEffects":true,"showParticleSystems":true},"in2DMode":false,"pivot":{"x":-90.53694152832031,"y":21.412609100341798,"z":109.2468032836914},"rotation":{"x":-0.06432142108678818,"y":-0.40540236234664919,"z":-0.02872616983950138,"w":0.9114599227905273},"size":290.70843505859377,"orthographic":false}