{"cameraMode":{"drawMode":0,"name":"Shaded","section":"Shading Mode"},"sceneLighting":false,"audioPlay":false,"sceneViewState":{"showFog":true,"showMaterialUpdate":false,"showSkybox":true,"showFlares":true,"showImageEffects":true,"showParticleSystems":true},"in2DMode":false,"pivot":{"x":37.69181823730469,"y":-63.458065032958987,"z":45.882102966308597},"rotation":{"x":-0.34059107303619387,"y":-0.22503562271595,"z":0.08437933027744293,"w":-0.909030020236969},"size":102.97693634033203,"orthographic":false}