{"cameraMode":{"drawMode":0,"name":"Shaded","section":"Shading Mode"},"sceneLighting":false,"audioPlay":false,"sceneViewState":{"showFog":true,"showMaterialUpdate":false,"showSkybox":true,"showFlares":true,"showImageEffects":true,"showParticleSystems":true},"in2DMode":false,"pivot":{"x":482.7819519042969,"y":-189.55145263671876,"z":615.95068359375},"rotation":{"x":0.043488092720508578,"y":-0.015889538452029229,"z":0.0004589006712194532,"w":0.9989875555038452},"size":3047.8681640625,"orthographic":false}