{"cameraMode":{"drawMode":0,"name":"Shaded","section":"Shading Mode"},"sceneLighting":false,"audioPlay":false,"sceneViewState":{"showFog":true,"showMaterialUpdate":false,"showSkybox":false,"showFlares":true,"showImageEffects":true,"showParticleSystems":true},"in2DMode":false,"pivot":{"x":-5.0911054611206059,"y":-2.1845951080322267,"z":17.691850662231447},"rotation":{"x":0.12051674723625183,"y":-0.10552084445953369,"z":0.012872599996626377,"w":0.9870143532752991},"size":32.953670501708987,"orthographic":false}