{"cameraMode":{"drawMode":0,"name":"Shaded","section":"Shading Mode"},"sceneLighting":false,"audioPlay":false,"sceneViewState":{"showFog":true,"showMaterialUpdate":false,"showSkybox":true,"showFlares":true,"showImageEffects":true,"showParticleSystems":true},"in2DMode":false,"pivot":{"x":369.00067138671877,"y":267.67681884765627,"z":18.32861328125},"rotation":{"x":-0.010493805631995201,"y":-0.017390944063663484,"z":-0.0004153519694227725,"w":0.9998536109924316},"size":1484.8726806640625,"orthographic":false}