{"cameraMode":{"drawMode":0,"name":"Shaded","section":"Shading Mode"},"sceneLighting":false,"audioPlay":false,"sceneViewState":{"showFog":true,"showMaterialUpdate":false,"showSkybox":true,"showFlares":true,"showImageEffects":true,"showParticleSystems":true},"in2DMode":false,"pivot":{"x":641.0341186523438,"y":268.18585205078127,"z":373.13385009765627},"rotation":{"x":0.03299480304121971,"y":-0.003015622729435563,"z":-0.00002089981353492476,"w":0.999485969543457},"size":1390.6126708984375,"orthographic":false}