{"cameraMode":{"drawMode":0,"name":"Shaded","section":"Shading Mode"},"sceneLighting":false,"audioPlay":false,"sceneViewState":{"showFog":true,"showMaterialUpdate":false,"showSkybox":false,"showFlares":true,"showImageEffects":true,"showParticleSystems":true},"in2DMode":false,"pivot":{"x":0.18410229682922364,"y":-0.5870813131332398,"z":1.6133441925048829},"rotation":{"x":0.15883298218250276,"y":-0.10935768485069275,"z":0.01767699234187603,"w":0.981087327003479},"size":5.063895225524902,"orthographic":false}