{"cameraMode":{"drawMode":0,"name":"Shaded","section":"Shading Mode"},"sceneLighting":false,"audioPlay":false,"sceneViewState":{"showFog":true,"showMaterialUpdate":false,"showSkybox":true,"showFlares":true,"showImageEffects":true,"showParticleSystems":true},"in2DMode":false,"pivot":{"x":20.0,"y":2.1569199562072756,"z":9.97974681854248},"rotation":{"x":-0.003000178374350071,"y":-0.0027029679622501137,"z":0.000105369916127529,"w":-1.000044822692871},"size":4.625036716461182,"orthographic":false}