{"cameraMode":{"drawMode":0,"name":"Shaded","section":"Shading Mode"},"sceneLighting":false,"audioPlay":false,"sceneViewState":{"showFog":true,"showMaterialUpdate":false,"showSkybox":true,"showFlares":true,"showImageEffects":true,"showParticleSystems":true},"in2DMode":false,"pivot":{"x":532.2476196289063,"y":220.30364990234376,"z":32.41339111328125},"rotation":{"x":0.010500979609787465,"y":0.0003010354412253946,"z":0.00001058850648405496,"w":0.9999886751174927},"size":923.320556640625,"orthographic":false}