{"cameraMode":{"drawMode":0,"name":"Shaded","section":"Shading Mode"},"sceneLighting":false,"audioPlay":false,"sceneViewState":{"showFog":true,"showMaterialUpdate":false,"showSkybox":true,"showFlares":true,"showImageEffects":true,"showParticleSystems":true},"in2DMode":false,"pivot":{"x":6.686417579650879,"y":9.767194747924805,"z":5.39635705947876},"rotation":{"x":0.4895149767398834,"y":-0.5054025650024414,"z":0.44851773977279665,"w":0.5512621402740479},"size":127.6139144897461,"orthographic":false}